{"files":{"blueprint/screen-1990b18badf34b033d410bb6461559f3871e4335bb73441bcb56e7ef66d65c71.css":{"logical_path":"blueprint/screen.css","mtime":"2017-01-11T16:27:39+01:00","size":12338,"digest":"1990b18badf34b033d410bb6461559f3871e4335bb73441bcb56e7ef66d65c71","integrity":"sha256-GZCxi63zSwM9QQu2RhVZ84ceQzW7c0Qby1bn72bWXHE="},"blueprint/print-e70c0113302062ae0ccc14d5f4a046a4d1f5e70016eee9f26b5c07d06c40b8fc.css":{"logical_path":"blueprint/print.css","mtime":"2017-01-11T16:27:39+01:00","size":1288,"digest":"e70c0113302062ae0ccc14d5f4a046a4d1f5e70016eee9f26b5c07d06c40b8fc","integrity":"sha256-5wwBEzAgYq4MzBTV9KBGpNH15wAW7unya1wH0GxAuPw="},"blueprint/ie-cf7779c0aeed7df097c1a550efb330ddfc336c0da9199c0e75eab439239f6abf.css":{"logical_path":"blueprint/ie.css","mtime":"2017-01-11T16:27:39+01:00","size":1940,"digest":"cf7779c0aeed7df097c1a550efb330ddfc336c0da9199c0e75eab439239f6abf","integrity":"sha256-z3d5wK7tffCXwaVQ77Mw3fwzbA2pGZwOdeq0OSOfar8="},"custom-036337a0018acf9005baf8b6f4e1951e9f46524f4f91df93655a1e54a01a0fd1.css":{"logical_path":"custom.css","mtime":"2017-01-20T16:29:47+01:00","size":3297,"digest":"036337a0018acf9005baf8b6f4e1951e9f46524f4f91df93655a1e54a01a0fd1","integrity":"sha256-A2M3oAGKz5AFuvi29OGVHp9GUk9Pkd+TZVoeVKAaD9E="},"fr-b6dc5c00fd3bfce72ca081f7ae827450b723176aa2c4015b508d563c6ef107a1.png":{"logical_path":"fr.png","mtime":"2014-01-17T20:30:23+01:00","size":96,"digest":"b6dc5c00fd3bfce72ca081f7ae827450b723176aa2c4015b508d563c6ef107a1","integrity":"sha256-ttxcAP07/OcsoIH3roJ0ULcjF2qixAFbUI1WPG7xB6E="},"gb-ccfcc3f98cfdada090595175293084a03f28d8c67819fbe92cc8dde16b5e51a8.png":{"logical_path":"gb.png","mtime":"2014-01-17T20:30:23+01:00","size":434,"digest":"ccfcc3f98cfdada090595175293084a03f28d8c67819fbe92cc8dde16b5e51a8","integrity":"sha256-zPzD+Yz9raCQWVF1KTCEoD8o2MZ4GfvpLMjd4WteUag="},"logo-e5ab78ffca9ecaf10d8981cab4a6d8980d08cd90554921550c8b0075dc419453.png":{"logical_path":"logo.png","mtime":"2017-01-12T10:16:36+01:00","size":13608,"digest":"e5ab78ffca9ecaf10d8981cab4a6d8980d08cd90554921550c8b0075dc419453","integrity":"sha256-5at4/8qeyvENiYHKtKbYmA0IzZBVSSFVDIsAddxBlFM="},"application-85371a089588c4ea21bf19fe32484b615efdf36e46b1c3ed4d0455dfedd93285.js":{"logical_path":"application.js","mtime":"2017-01-20T16:29:47+01:00","size":371483,"digest":"85371a089588c4ea21bf19fe32484b615efdf36e46b1c3ed4d0455dfedd93285","integrity":"sha256-hTcaCJWIxOohvxn+MkhLYV79825GscPtTQRV3+3ZMoU="},"application-b7d47f66304a42cac2c24e86323e66739972b0702b38f66453b142de008a5e7a.css":{"logical_path":"application.css","mtime":"2017-01-20T16:29:47+01:00","size":52295,"digest":"b7d47f66304a42cac2c24e86323e66739972b0702b38f66453b142de008a5e7a","integrity":"sha256-t9R/ZjBKQsrCwk6GMj5mc5lysHArOPZkU7FC3gCKXno="},"blueprint/plugins/buttons/icons/cross-d04ecfc93ff86c44f6fc39e35945e3d8a7648ba8fcd97a2635920df2e88893b3.png":{"logical_path":"blueprint/plugins/buttons/icons/cross.png","mtime":"2017-01-11T16:27:39+01:00","size":655,"digest":"d04ecfc93ff86c44f6fc39e35945e3d8a7648ba8fcd97a2635920df2e88893b3","integrity":"sha256-0E7PyT/4bET2/DnjWUXj2Kdki6j82XomNZIN8uiIk7M="},"blueprint/plugins/buttons/icons/key-8b062933e799689e343c31b5d1e44e7c6587d48ceeb9d899cf66765977993342.png":{"logical_path":"blueprint/plugins/buttons/icons/key.png","mtime":"2017-01-11T16:27:39+01:00","size":455,"digest":"8b062933e799689e343c31b5d1e44e7c6587d48ceeb9d899cf66765977993342","integrity":"sha256-iwYpM+eZaJ40PDG10eROfGWH1IzuudiZz2Z2WXeZM0I="},"blueprint/plugins/buttons/icons/tick-644faffc659fb1e6778cf5290022fbcde177952c66881848e6380ed91211e878.png":{"logical_path":"blueprint/plugins/buttons/icons/tick.png","mtime":"2017-01-11T16:27:39+01:00","size":537,"digest":"644faffc659fb1e6778cf5290022fbcde177952c66881848e6380ed91211e878","integrity":"sha256-ZE+v/GWfseZ3jPUpACL7zeF3lSxmiBhI5jgO2RIR6Hg="},"blueprint/plugins/buttons/readme-5dbaa8349db31184e167d43c585b81eaf148ab8362e7e31a3017bf808e98b11c.txt":{"logical_path":"blueprint/plugins/buttons/readme.txt","mtime":"2017-01-11T16:27:39+01:00","size":930,"digest":"5dbaa8349db31184e167d43c585b81eaf148ab8362e7e31a3017bf808e98b11c","integrity":"sha256-XbqoNJ2zEYThZ9Q8WFuB6vFIq4Ni5+MaMBe/gI6YsRw="},"blueprint/plugins/fancy-type/readme-bb0afad171b445645386984af287ca98f17f5d2cc9e065eac1921d4288b7b4a6.txt":{"logical_path":"blueprint/plugins/fancy-type/readme.txt","mtime":"2017-01-11T16:27:39+01:00","size":340,"digest":"bb0afad171b445645386984af287ca98f17f5d2cc9e065eac1921d4288b7b4a6","integrity":"sha256-uwr60XG0RWRThphK8ofKmPF/XSzJ4GXqwZIdQoi3tKY="},"blueprint/plugins/link-icons/icons/doc-4d2dcae8b538ad057ea58dcbf50b4a08eda10d95f5cc5b2a40b57e80536c2191.png":{"logical_path":"blueprint/plugins/link-icons/icons/doc.png","mtime":"2017-01-11T16:27:39+01:00","size":777,"digest":"4d2dcae8b538ad057ea58dcbf50b4a08eda10d95f5cc5b2a40b57e80536c2191","integrity":"sha256-TS3K6LU4rQV+pY3L9QtKCO2hDZX1zFsqQLV+gFNsIZE="},"blueprint/plugins/link-icons/icons/email-a24928edf1879f7e3ca1e6b8213f12a7b8d229d1a134a5413299c86b31d53552.png":{"logical_path":"blueprint/plugins/link-icons/icons/email.png","mtime":"2017-01-11T16:27:39+01:00","size":641,"digest":"a24928edf1879f7e3ca1e6b8213f12a7b8d229d1a134a5413299c86b31d53552","integrity":"sha256-okko7fGHn348oea4IT8Sp7jSKdGhNKVBMpnIazHVNVI="},"blueprint/plugins/link-icons/icons/external-c883e4b0e21f163b2dee3cbd88bb7d571b571c456b8a053304aa4a2462741891.png":{"logical_path":"blueprint/plugins/link-icons/icons/external.png","mtime":"2017-01-11T16:27:39+01:00","size":46848,"digest":"c883e4b0e21f163b2dee3cbd88bb7d571b571c456b8a053304aa4a2462741891","integrity":"sha256-yIPksOIfFjst7jy9iLt9VxtXHEVrigUzBKpKJGJ0GJE="},"blueprint/plugins/link-icons/icons/feed-5bb406880f456fd0fe4858a482696abeaede4262fdc29053346c5fdc92d5d216.png":{"logical_path":"blueprint/plugins/link-icons/icons/feed.png","mtime":"2017-01-11T16:27:39+01:00","size":691,"digest":"5bb406880f456fd0fe4858a482696abeaede4262fdc29053346c5fdc92d5d216","integrity":"sha256-W7QGiA9Fb9D+SFikgmlqvq7eQmL9wpBTNGxf3JLV0hY="},"blueprint/plugins/link-icons/icons/im-27a31183bf236e3d60f6cf71948dac650ab7323246ba7fdb6f72a7d2a422c652.png":{"logical_path":"blueprint/plugins/link-icons/icons/im.png","mtime":"2017-01-11T16:27:39+01:00","size":741,"digest":"27a31183bf236e3d60f6cf71948dac650ab7323246ba7fdb6f72a7d2a422c652","integrity":"sha256-J6MRg78jbj1g9s9xlI2sZQq3MjJGun/bb3Kn0qQixlI="},"blueprint/plugins/link-icons/icons/lock-12ed0e1cff0b2eea99a28aa471e3aac5e11fefcd562133249a2d008f8ce6e0cd.png":{"logical_path":"blueprint/plugins/link-icons/icons/lock.png","mtime":"2017-01-11T16:27:39+01:00","size":749,"digest":"12ed0e1cff0b2eea99a28aa471e3aac5e11fefcd562133249a2d008f8ce6e0cd","integrity":"sha256-Eu0OHP8LLuqZooqkceOqxeEf781WITMkmi0Aj4zm4M0="},"blueprint/plugins/link-icons/icons/pdf-27420ea72e036ea1511bf0a0a4b263a02a2bf52ecd0e297c05ea1d50e7bb218a.png":{"logical_path":"blueprint/plugins/link-icons/icons/pdf.png","mtime":"2017-01-11T16:27:39+01:00","size":591,"digest":"27420ea72e036ea1511bf0a0a4b263a02a2bf52ecd0e297c05ea1d50e7bb218a","integrity":"sha256-J0IOpy4DbqFRG/CgpLJjoCor9S7NDil8BeodUOe7IYo="},"blueprint/plugins/link-icons/icons/visited-40f3d700354a57771f5c8c06500c0b2c2ff9387dee4483401c6e054d2d1b970a.png":{"logical_path":"blueprint/plugins/link-icons/icons/visited.png","mtime":"2017-01-11T16:27:39+01:00","size":46990,"digest":"40f3d700354a57771f5c8c06500c0b2c2ff9387dee4483401c6e054d2d1b970a","integrity":"sha256-QPPXADVKV3cfXIwGUAwLLC/5OH3uRINAHG4FTS0blwo="},"blueprint/plugins/link-icons/icons/xls-c62c3e1b721c5d46e2756f4bedcea29251bf72acd29938342dfb50cda8dbbd59.png":{"logical_path":"blueprint/plugins/link-icons/icons/xls.png","mtime":"2017-01-11T16:27:39+01:00","size":663,"digest":"c62c3e1b721c5d46e2756f4bedcea29251bf72acd29938342dfb50cda8dbbd59","integrity":"sha256-xiw+G3IcXUbidW9L7c6iklG/cqzSmTg0LftQzajbvVk="},"blueprint/plugins/link-icons/readme-fc3e2809a060b9bd37888eac6c7389a5d04574a6985d973270dba334bde52fc1.txt":{"logical_path":"blueprint/plugins/link-icons/readme.txt","mtime":"2017-01-11T16:27:39+01:00","size":449,"digest":"fc3e2809a060b9bd37888eac6c7389a5d04574a6985d973270dba334bde52fc1","integrity":"sha256-/D4oCaBgub03iI6sbHOJpdBFdKaYXZcycNujNL3lL8E="},"blueprint/plugins/rtl/readme-99068d4f58ccd9e432ee2848f567ca858249a2caaa17af85bb8d93d3d67d6a2f.txt":{"logical_path":"blueprint/plugins/rtl/readme.txt","mtime":"2017-01-11T16:27:39+01:00","size":327,"digest":"99068d4f58ccd9e432ee2848f567ca858249a2caaa17af85bb8d93d3d67d6a2f","integrity":"sha256-mQaNT1jM2eQy7ihI9WfKhYJJosqqF6+Fu42T09Z9ai8="},"blueprint/src/grid-177f973dae5ff8beb07072d206b5bf6c9dccb8ec100e8a1772ac685d85fcdfe8.png":{"logical_path":"blueprint/src/grid.png","mtime":"2017-01-11T16:27:39+01:00","size":104,"digest":"177f973dae5ff8beb07072d206b5bf6c9dccb8ec100e8a1772ac685d85fcdfe8","integrity":"sha256-F3+XPa5f+L6wcHLSBrW/bJ3MuOwQDooXcqxoXYX83+g="},"custom-226144341f8a0c3dadda83f9b1d2694854b77aa4052f157d6362fb3579a6a635.css":{"logical_path":"custom.css","mtime":"2017-01-30T14:45:27+01:00","size":3297,"digest":"226144341f8a0c3dadda83f9b1d2694854b77aa4052f157d6362fb3579a6a635","integrity":"sha256-ImFENB+KDD2t2oP5sdJpSFS3eqQFLxV9Y2L7NXmmpjU="},"application-5341ff20d4abea7ff806e7c3ece33cfa07c6b58c29bec742490ad9b143cfa1ff.css":{"logical_path":"application.css","mtime":"2017-01-30T14:45:27+01:00","size":52295,"digest":"5341ff20d4abea7ff806e7c3ece33cfa07c6b58c29bec742490ad9b143cfa1ff","integrity":"sha256-U0H/INSr6n/4BufD7OM8+gfGtYwpvsdCSQrZsUPPof8="}},"assets":{"blueprint/screen.css":"blueprint/screen-1990b18badf34b033d410bb6461559f3871e4335bb73441bcb56e7ef66d65c71.css","blueprint/print.css":"blueprint/print-e70c0113302062ae0ccc14d5f4a046a4d1f5e70016eee9f26b5c07d06c40b8fc.css","blueprint/ie.css":"blueprint/ie-cf7779c0aeed7df097c1a550efb330ddfc336c0da9199c0e75eab439239f6abf.css","custom.css":"custom-036337a0018acf9005baf8b6f4e1951e9f46524f4f91df93655a1e54a01a0fd1.css","fr.png":"fr-b6dc5c00fd3bfce72ca081f7ae827450b723176aa2c4015b508d563c6ef107a1.png","gb.png":"gb-ccfcc3f98cfdada090595175293084a03f28d8c67819fbe92cc8dde16b5e51a8.png","logo.png":"logo-e5ab78ffca9ecaf10d8981cab4a6d8980d08cd90554921550c8b0075dc419453.png","application.js":"application-85371a089588c4ea21bf19fe32484b615efdf36e46b1c3ed4d0455dfedd93285.js","application.css":"application-b7d47f66304a42cac2c24e86323e66739972b0702b38f66453b142de008a5e7a.css","blueprint/plugins/buttons/icons/cross.png":"blueprint/plugins/buttons/icons/cross-d04ecfc93ff86c44f6fc39e35945e3d8a7648ba8fcd97a2635920df2e88893b3.png","blueprint/plugins/buttons/icons/key.png":"blueprint/plugins/buttons/icons/key-8b062933e799689e343c31b5d1e44e7c6587d48ceeb9d899cf66765977993342.png","blueprint/plugins/buttons/icons/tick.png":"blueprint/plugins/buttons/icons/tick-644faffc659fb1e6778cf5290022fbcde177952c66881848e6380ed91211e878.png","blueprint/plugins/buttons/readme.txt":"blueprint/plugins/buttons/readme-5dbaa8349db31184e167d43c585b81eaf148ab8362e7e31a3017bf808e98b11c.txt","blueprint/plugins/fancy-type/readme.txt":"blueprint/plugins/fancy-type/readme-bb0afad171b445645386984af287ca98f17f5d2cc9e065eac1921d4288b7b4a6.txt","blueprint/plugins/link-icons/icons/doc.png":"blueprint/plugins/link-icons/icons/doc-4d2dcae8b538ad057ea58dcbf50b4a08eda10d95f5cc5b2a40b57e80536c2191.png","blueprint/plugins/link-icons/icons/email.png":"blueprint/plugins/link-icons/icons/email-a24928edf1879f7e3ca1e6b8213f12a7b8d229d1a134a5413299c86b31d53552.png","blueprint/plugins/link-icons/icons/external.png":"blueprint/plugins/link-icons/icons/external-c883e4b0e21f163b2dee3cbd88bb7d571b571c456b8a053304aa4a2462741891.png","blueprint/plugins/link-icons/icons/feed.png":"blueprint/plugins/link-icons/icons/feed-5bb406880f456fd0fe4858a482696abeaede4262fdc29053346c5fdc92d5d216.png","blueprint/plugins/link-icons/icons/im.png":"blueprint/plugins/link-icons/icons/im-27a31183bf236e3d60f6cf71948dac650ab7323246ba7fdb6f72a7d2a422c652.png","blueprint/plugins/link-icons/icons/lock.png":"blueprint/plugins/link-icons/icons/lock-12ed0e1cff0b2eea99a28aa471e3aac5e11fefcd562133249a2d008f8ce6e0cd.png","blueprint/plugins/link-icons/icons/pdf.png":"blueprint/plugins/link-icons/icons/pdf-27420ea72e036ea1511bf0a0a4b263a02a2bf52ecd0e297c05ea1d50e7bb218a.png","blueprint/plugins/link-icons/icons/visited.png":"blueprint/plugins/link-icons/icons/visited-40f3d700354a57771f5c8c06500c0b2c2ff9387dee4483401c6e054d2d1b970a.png","blueprint/plugins/link-icons/icons/xls.png":"blueprint/plugins/link-icons/icons/xls-c62c3e1b721c5d46e2756f4bedcea29251bf72acd29938342dfb50cda8dbbd59.png","blueprint/plugins/link-icons/readme.txt":"blueprint/plugins/link-icons/readme-fc3e2809a060b9bd37888eac6c7389a5d04574a6985d973270dba334bde52fc1.txt","blueprint/plugins/rtl/readme.txt":"blueprint/plugins/rtl/readme-99068d4f58ccd9e432ee2848f567ca858249a2caaa17af85bb8d93d3d67d6a2f.txt","blueprint/src/grid.png":"blueprint/src/grid-177f973dae5ff8beb07072d206b5bf6c9dccb8ec100e8a1772ac685d85fcdfe8.png"}}